<?xml version = '1.0' encoding = 'UTF-8'?>
<maf-plugins xmlns:xsi="http://www.w3.org/2001/XMLSchema-instance" xmlns="http://xmlns.oracle.com/adf/mf">
   <cordova-plugins>
      <core-cordova-plugin id="c1" pluginId="org.apache.cordova.network-information"/>
      <core-cordova-plugin id="c2" pluginId="org.apache.cordova.camera"/>
      <core-cordova-plugin id="c3" pluginId="org.apache.cordova.contacts"/>
      <core-cordova-plugin id="c4" pluginId="com.oracle.maf.email"/>
      <core-cordova-plugin id="c5" pluginId="com.oracle.maf.sms"/>
      <core-cordova-plugin id="c6" pluginId="com.phonegap.plugins.PushPlugin"/>
      <core-cordova-plugin id="c7" pluginId="org.apache.cordova.geolocation"/>
   </cordova-plugins>
</maf-plugins>