<?xml version="1.0" encoding="UTF-8" ?>
<adfmf:application xmlns:xsi="http://www.w3.org/2001/XMLSchema-instance" xmlns:adfmf="http://xmlns.oracle.com/adf/mf"
                   version="1.1" name="P4617" id="com.company.P4617"
                   appControllerFolder="ApplicationController" listener-class="application.LifeCycleListenerImpl">
  <adfmf:featureReference refId="com.oracle.e1.jdemf.login" id="fr2"/>
  <adfmf:featureReference refId="ABList" id="fr1"/>
  <adfmf:featureReference refId="com.oracle.e1.jdemf.springboard" id="fr3" showOnNavigationBar="false"
                          showOnSpringboard="false"/>
  <adfmf:featureReference refId="com.oracle.e1.jdemf.about" id="fr4"/>
  <adfmf:featureReference refId="jdemf.example.EULA" id="fr5"/>
  <adfmf:navigation>
    <adfmf:navigationBar enabled="false"/>
    <adfmf:springboard enabled="true" showSpringboardAtStartup="false" width="150">
      <adfmf:springboardFeatureReference refId="com.oracle.e1.jdemf.springboard" id="sfr1"/>
    </adfmf:springboard>
  </adfmf:navigation>
</adfmf:application>
