<?xml version="1.0" encoding="ISO-8859-1" ?>
<adfc-mobile-config xmlns="http://xmlns.oracle.com/adf/controller" version="1.0">
  <task-flow-definition id="about-task-flow">
    <default-activity>router1</default-activity>
    <managed-bean id="__13">
      <managed-bean-name>aboutPageBean</managed-bean-name>
      <managed-bean-class>com.oracle.e1.jdemf.about.AboutPageBean</managed-bean-class>
      <managed-bean-scope>pageFlow</managed-bean-scope>
    </managed-bean>
    <router id="router1">
      <case id="__12">
        <expression>true</expression>
        <outcome>to_about</outcome>
      </case>
      <default-outcome>to_about</default-outcome>
    </router>
    <view id="about">
      <page>/com.oracle.e1.jdemf.about/about.amx</page>
    </view>
    <control-flow-rule id="__10">
      <from-activity-id>router1</from-activity-id>
      <control-flow-case id="__11">
        <from-outcome>to_about</from-outcome>
        <to-activity-id>about</to-activity-id>
        <transition>flipRight</transition>
      </control-flow-case>
    </control-flow-rule>
  </task-flow-definition>
</adfc-mobile-config>
