<?xml version="1.0" encoding="UTF-8" ?>
<pageDefinition xmlns="http://xmlns.oracle.com/adfm/uimodel" version="11.1.2.64.36" id="springboardPageDef"
                Package="com.oracle.e1.jdemf.mobile.pageDefs">
  <parameters/>
  <executables>
    <variableIterator id="variables"/>
    <iterator Binds="root" RangeSize="25" DataControl="LoginDC" id="LoginDCIterator"/>
  </executables>
  <bindings>
    <methodAction id="logout" RequiresUpdateModel="true" Action="invokeMethod" MethodName="logout"
                  IsViewObjectMethod="false" DataControl="LoginDC" InstanceName="data.LoginDC.dataProvider"/>
    <methodAction id="goToEULA" RequiresUpdateModel="true" Action="invokeMethod" MethodName="goToEULA"
                  IsViewObjectMethod="false" DataControl="LoginDC" InstanceName="data.LoginDC.dataProvider"/>
    <methodAction id="goToAbout" RequiresUpdateModel="true" Action="invokeMethod" MethodName="goToAbout"
                  IsViewObjectMethod="false" DataControl="AboutDC" InstanceName="data.AboutDC.dataProvider"/>
  </bindings>
</pageDefinition>
