<?xml version="1.0" encoding="UTF-8" ?>
<adfmf:features xmlns:xsi="http://www.w3.org/2001/XMLSchema-instance" xmlns:adfmf="http://xmlns.oracle.com/adf/mf">
    <adfmf:loadBundle basename="com.oracle.e1.jdemf.bundle.jdemfApplicationBundle" var="viewcontrollerBundle"/>
    <adfmf:feature id="com.oracle.e1.jdemf.login" name="login">
        <adfmf:content id="com.oracle.e1.jdemf.login.1">
            <adfmf:amx file="com.oracle.e1.jdemf.login/login.amx">
                <adfmf:includes>
                    <adfmf:include type="JavaScript" file="resources/js/jdemfJavascript.js" id="i1"/>
                    <adfmf:include type="JavaScript" id="i3" file="resources/js/jdemfKeyboardAction.js"/>
                </adfmf:includes>
            </adfmf:amx>
        </adfmf:content>
        <adfmf:preferences>
            <adfmf:preferenceGroup id="Connection" label="#{viewcontrollerBundle.CONNECTION}">
                <adfmf:preferenceText id="URL" label="#{viewcontrollerBundle.URL}"/>
            </adfmf:preferenceGroup>
        </adfmf:preferences>
    </adfmf:feature>
    <adfmf:feature id="com.oracle.e1.jdemf.springboard" name="springboard">
        <adfmf:content id="com.oracle.e1.jdemf.springboard.1">
            <adfmf:amx file="com.oracle.e1.jdemf.springboard/springboard.amx"/>
        </adfmf:content>
    </adfmf:feature>
    <adfmf:feature id="com.oracle.e1.jdemf.testutility" name="testutility">
        <adfmf:content id="com.oracle.e1.jdemf.testutility.1">
            <adfmf:amx file="com.oracle.e1.jdemf.testutility/testutility.amx">
                <adfmf:includes>
                    <adfmf:include type="JavaScript" file="resources/js/jdemfJavascript.js" id="i2"/>
                </adfmf:includes>
            </adfmf:amx>
        </adfmf:content>
    </adfmf:feature>
    <adfmf:feature id="com.oracle.e1.jdemf.about" name="about">
        <adfmf:content id="com.oracle.e1.jdemf.about.1">
            <adfmf:amx file="com.oracle.e1.jdemf.about/about-task-flow.xml#about-task-flow"/>
        </adfmf:content>
    </adfmf:feature>
</adfmf:features>
