<?xml version="1.0" encoding="UTF-8" ?>
<pageDefinition xmlns="http://xmlns.oracle.com/adfm/uimodel" version="11.1.2.64.36" id="aboutPageDef"
                Package="com.oracle.e1.jdemf.about">
  <parameters/>
  <executables>
    <invokeAction id="getAbout" Binds="getAboutProperties" Refresh="always"/>
    <variableIterator id="variables"/>
    <iterator Binds="root" RangeSize="25" DataControl="AboutDC" id="AboutDCIterator"/>
  </executables>
  <bindings>
    <attributeValues IterBinding="AboutDCIterator" id="applicationName">
      <AttrNames>
        <Item Value="applicationName"/>
      </AttrNames>
    </attributeValues>
    <attributeValues IterBinding="AboutDCIterator" id="version">
      <AttrNames>
        <Item Value="version"/>
      </AttrNames>
    </attributeValues>
    <attributeValues IterBinding="AboutDCIterator" id="aisServer">
      <AttrNames>
        <Item Value="aisServer"/>
      </AttrNames>
    </attributeValues>
    <attributeValues IterBinding="AboutDCIterator" id="user">
      <AttrNames>
        <Item Value="user"/>
      </AttrNames>
    </attributeValues>
    <attributeValues IterBinding="AboutDCIterator" id="environment">
      <AttrNames>
        <Item Value="environment"/>
      </AttrNames>
    </attributeValues>
    <attributeValues IterBinding="AboutDCIterator" id="role">
      <AttrNames>
        <Item Value="role"/>
      </AttrNames>
    </attributeValues>
    <methodAction id="done" RequiresUpdateModel="true" Action="invokeMethod" MethodName="done"
                  IsViewObjectMethod="false" DataControl="AboutDC" InstanceName="data.AboutDC.dataProvider"/>
    <attributeValues IterBinding="AboutDCIterator" id="appVersion">
      <AttrNames>
        <Item Value="appVersion"/>
      </AttrNames>
    </attributeValues>
    <attributeValues IterBinding="AboutDCIterator" id="mobileAppID">
      <AttrNames>
        <Item Value="mobileAppID"/>
      </AttrNames>
    </attributeValues>
    <attributeValues IterBinding="AboutDCIterator" id="renderUserInfo">
      <AttrNames>
        <Item Value="renderUserInfo"/>
      </AttrNames>
    </attributeValues>
    <attributeValues IterBinding="AboutDCIterator" id="jasServer">
      <AttrNames>
        <Item Value="jasServer"/>
      </AttrNames>
    </attributeValues>
    <methodAction id="getAboutProperties" InstanceName="data.AboutDC.dataProvider" DataControl="AboutDC"
                  RequiresUpdateModel="true" Action="invokeMethod" MethodName="getAboutProperties"
                  IsViewObjectMethod="false"/>
    <attributeValues IterBinding="AboutDCIterator" id="aisVersion">
      <AttrNames>
        <Item Value="aisVersion"/>
      </AttrNames>
    </attributeValues>
  </bindings>
</pageDefinition>
