<?xml version="1.0" encoding="UTF-8" ?>
<adfmf-skins xmlns="http://xmlns.oracle.com/adf/mf/skin">
    <skin id="s1">
        <family>jdeCustomSkinFamily</family>
        <id>jdeCustomSkinFamily-v1.Android</id>
        <extends>jdeCustomSkinFamily</extends>
        <style-sheet-name>css/jdemfCustomStyles-Android.css</style-sheet-name>
        <version>
            <name>v1</name>
            <default>true</default>
        </version>
    </skin>
    <skin id="s2">
        <family>jdeCustomSkinFamily</family>
        <id>jdeCustomSkinFamily-v1.iOS</id>
        <extends>jdeCustomSkinFamily</extends>
        <style-sheet-name>css/jdemfCustomStyles-iOS.css</style-sheet-name>
        <version>
            <name>v1</name>
            <default>true</default>
        </version>
    </skin>
    <skin id="s3">
        <family>jdeCustomSkinFamily</family>
        <id>jdeCustomSkinFamily</id>
        <extends>mobileAlta-v1.1</extends>
        <style-sheet-name>css/jdemfCustomStyles-Base.css</style-sheet-name>
        <version>
            <name>v1</name>
            <default>true</default>
        </version>
    </skin>
</adfmf-skins>