<?xml version="1.0" encoding="UTF-8" ?>
<pageDefinition xmlns="http://xmlns.oracle.com/adfm/uimodel" version="11.1.2.64.36" id="loginPageDef"
                Package="com.oracle.e1.jdemf.login">
  <parameters/>
  <executables>
    <invokeAction id="config" Binds="loadDefaultConfig"/>
    <variableIterator id="variables"/>
    <iterator Binds="root" RangeSize="25" DataControl="LoginDC" id="LoginDCIterator"/>
    <accessorIterator MasterBinding="LoginDCIterator" Binds="loginRequest" RangeSize="25" DataControl="LoginDC"
                      BeanClass="com.oracle.e1.resttypes.LoginRequest" id="loginRequestIterator"/>
  </executables>
  <bindings>
    <methodAction id="loadDefaultConfig" RequiresUpdateModel="true" Action="invokeMethod" MethodName="loadDefaultConfig"
                  IsViewObjectMethod="false" DataControl="LoginDC" InstanceName="data.LoginDC.dataProvider"/>
    <attributeValues IterBinding="loginRequestIterator" id="username">
      <AttrNames>
        <Item Value="username"/>
      </AttrNames>
    </attributeValues>
    <attributeValues IterBinding="loginRequestIterator" id="password">
      <AttrNames>
        <Item Value="password"/>
      </AttrNames>
    </attributeValues>
    <attributeValues IterBinding="loginRequestIterator" id="environment">
      <AttrNames>
        <Item Value="environment"/>
      </AttrNames>
    </attributeValues>
    <attributeValues IterBinding="loginRequestIterator" id="role">
      <AttrNames>
        <Item Value="role"/>
      </AttrNames>
    </attributeValues>
    <attributeValues IterBinding="loginRequestIterator" id="jasserver">
      <AttrNames>
        <Item Value="jasserver"/>
      </AttrNames>
    </attributeValues>
    <attributeValues IterBinding="LoginDCIterator" id="displayEnvironmentRole">
      <AttrNames>
        <Item Value="displayEnvironmentRole"/>
      </AttrNames>
    </attributeValues>
    <attributeValues IterBinding="LoginDCIterator" id="url">
      <AttrNames>
        <Item Value="url"/>
      </AttrNames>
    </attributeValues>
    <attributeValues IterBinding="LoginDCIterator" id="urlError">
      <AttrNames>
        <Item Value="urlError"/>
      </AttrNames>
    </attributeValues>
    <methodAction id="updateURL" RequiresUpdateModel="true" Action="invokeMethod" MethodName="updateURL"
                  IsViewObjectMethod="false" DataControl="LoginDC" InstanceName="data.LoginDC.dataProvider"/>
    <attributeValues IterBinding="LoginDCIterator" id="username1">
      <AttrNames>
        <Item Value="username"/>
      </AttrNames>
    </attributeValues>
    <attributeValues IterBinding="LoginDCIterator" id="password1">
      <AttrNames>
        <Item Value="password"/>
      </AttrNames>
    </attributeValues>
    <attributeValues IterBinding="LoginDCIterator" id="environment1">
      <AttrNames>
        <Item Value="environment"/>
      </AttrNames>
    </attributeValues>
    <attributeValues IterBinding="LoginDCIterator" id="role1">
      <AttrNames>
        <Item Value="role"/>
      </AttrNames>
    </attributeValues>
    <attributeValues IterBinding="LoginDCIterator" id="jasserver1">
      <AttrNames>
        <Item Value="jasserver"/>
      </AttrNames>
    </attributeValues>
    <methodAction id="resetLogin" RequiresUpdateModel="true" Action="invokeMethod" MethodName="resetLogin"
                  IsViewObjectMethod="false" DataControl="LoginDC" InstanceName="data.LoginDC.dataProvider"/>
    <attributeValues IterBinding="LoginDCIterator" id="displayEnvironment">
      <AttrNames>
        <Item Value="displayEnvironment"/>
      </AttrNames>
    </attributeValues>
    <attributeValues IterBinding="LoginDCIterator" id="displayRole">
      <AttrNames>
        <Item Value="displayRole"/>
      </AttrNames>
    </attributeValues>
    <attributeValues IterBinding="LoginDCIterator" id="displayJas">
      <AttrNames>
        <Item Value="displayJas"/>
      </AttrNames>
    </attributeValues>
    <methodAction id="timeoutBackToLogin" RequiresUpdateModel="true" Action="invokeMethod"
                  MethodName="timeoutBackToLogin" IsViewObjectMethod="false" DataControl="LoginDC"
                  InstanceName="data.LoginDC.dataProvider"/>
    <attributeValues IterBinding="LoginDCIterator" id="language">
      <AttrNames>
        <Item Value="language"/>
      </AttrNames>
    </attributeValues>
    <button IterBinding="LoginDCIterator" id="ssoEnabled" DTSupportsMRU="false" StaticList="true">
      <AttrNames>
        <Item Value="ssoEnabled"/>
      </AttrNames>
      <ValueList>
        <Item Value="true"/>
        <Item Value="false"/>
      </ValueList>
    </button>
    <attributeValues IterBinding="LoginDCIterator" id="ssoServerSetting">
      <AttrNames>
        <Item Value="ssoServerSetting"/>
      </AttrNames>
    </attributeValues>    
    <methodAction id="SSOValueChanged" RequiresUpdateModel="true" Action="invokeMethod" MethodName="SSOValueChanged"
                  IsViewObjectMethod="false" DataControl="LoginDC" InstanceName="data.LoginDC.dataProvider">
      <NamedData NDName="newValue" NDValue="#{bindings.ssoEnabled.inputValue}" NDType="java.lang.Boolean"/>
    </methodAction>
    <methodAction id="processLoginRequest1" RequiresUpdateModel="true" Action="invokeMethod"
                  MethodName="processLoginRequest" IsViewObjectMethod="false" DataControl="LoginDC"
                  InstanceName="data.LoginDC.dataProvider">
      <NamedData NDName="suppressError" NDValue="false" NDType="boolean"/>
    </methodAction>
  </bindings>
</pageDefinition>
